{
  "DR-RAM": {
    "loss": 0.7309203977170198,
    "accuracy": 0.8212824010914052,
    "precision": 0.8328246311698821,
    "recall": 0.8212824010914052,
    "f1": 0.8248117824479564,
    "kappa": 0.8914181727851483
  },
  "EfficientNet-B0": {
    "loss": 0.7165979846664097,
    "accuracy": 0.7980900409276944,
    "precision": 0.8187645896837736,
    "recall": 0.7980900409276944,
    "f1": 0.8043389040774213,
    "kappa": 0.8702333892294581
  }
}